{
  "data": [
    {
      "keyword": ".Du.me.mi"
    },
    {
      "keyword": ".l ồn"
    },
    {
      "keyword": ".l ồn.to"
    },
    {
      "keyword": ".Lồn.me"
    },
    {
      "keyword": ".đ.m"
    },
    {
      "keyword": ".địt"
    },
    {
      "keyword": "Á đù.l ồn.sưng"
    },
    {
      "keyword": "âm đạo"
    },
    {
      "keyword": "an cut"
    },
    {
      "keyword": "An l0n"
    },
    {
      "keyword": "b.uồi"
    },
    {
      "keyword": "B.ƯỚM."
    },
    {
      "keyword": "Bon cko"
    },
    {
      "keyword": "bóp vú"
    },
    {
      "keyword": "bop vu"
    },
    {
      "keyword": "bú"
    },
    {
      "keyword": "Bu Cu"
    },
    {
      "keyword": "Bú Ku"
    },
    {
      "keyword": "BÚ L.Ồ.N"
    },
    {
      "keyword": "Buồi"
    },
    {
      "keyword": "buồi"
    },
    {
      "keyword": "BUỒI"
    },
    {
      "keyword": "Buồj"
    },
    {
      "keyword": "C.Ặ.C"
    },
    {
      "keyword": "c.ặ.c"
    },
    {
      "keyword": "c.ă.c"
    },
    {
      "keyword": "C.ẶC"
    },
    {
      "keyword": "c.h.ó"
    },
    {
      "keyword": "c.hó"
    },
    {
      "keyword": "C.k.ó"
    },
    {
      "keyword": "c.k.ó"
    },
    {
      "keyword": "c.kó"
    },
    {
      "keyword": "cặ c"
    },
    {
      "keyword": "ca ve"
    },
    {
      "keyword": "cặ.c"
    },
    {
      "keyword": "Cặc"
    },
    {
      "keyword": "căc"
    },
    {
      "keyword": "cặc"
    },
    {
      "keyword": "cẶc"
    },
    {
      "keyword": "cac"
    },
    {
      "keyword": "Cái Chim"
    },
    {
      "keyword": "cái lờ"
    },
    {
      "keyword": "Cái Lồn"
    },
    {
      "keyword": "Cai Lon"
    },
    {
      "keyword": "Cái Trim"
    },
    {
      "keyword": "cái.l ồn."
    },
    {
      "keyword": "cái.l.ồn"
    },
    {
      "keyword": "Cặk"
    },
    {
      "keyword": "cẶn bã"
    },
    {
      "keyword": "cặn bã"
    },
    {
      "keyword": "cặt"
    },
    {
      "keyword": "cave"
    },
    {
      "keyword": "cc"
    },
    {
      "keyword": "cẹc"
    },
    {
      "keyword": "CH.Ó"
    },
    {
      "keyword": "Ch.ó"
    },
    {
      "keyword": "chập mạch"
    },
    {
      "keyword": "Chim Thúi"
    },
    {
      "keyword": "chÓ"
    },
    {
      "keyword": "chó"
    },
    {
      "keyword": "chÓ dại."
    },
    {
      "keyword": "chÓ kứt"
    },
    {
      "keyword": "ck.ó"
    },
    {
      "keyword": "ckó"
    },
    {
      "keyword": "ckÓ"
    },
    {
      "keyword": "CkÓ"
    },
    {
      "keyword": "cko"
    },
    {
      "keyword": "ckó"
    },
    {
      "keyword": "CMM"
    },
    {
      "keyword": "CỜ HÓ"
    },
    {
      "keyword": "con cac"
    },
    {
      "keyword": "con căc"
    },
    {
      "keyword": "con cẹc"
    },
    {
      "keyword": "con cko"
    },
    {
      "keyword": "Con di"
    },
    {
      "keyword": "con diem"
    },
    {
      "keyword": "con hoang"
    },
    {
      "keyword": "Con Mẹ"
    },
    {
      "keyword": "cức"
    },
    {
      "keyword": "cưc"
    },
    {
      "keyword": "cục cặc"
    },
    {
      "keyword": "cuc cac"
    },
    {
      "keyword": "cuc cut."
    },
    {
      "keyword": "cưkt"
    },
    {
      "keyword": "cứt"
    },
    {
      "keyword": "cựt"
    },
    {
      "keyword": "cỨt"
    },
    {
      "keyword": "cưt"
    },
    {
      "keyword": "cut"
    },
    {
      "keyword": "Cút Mẹ"
    },
    {
      "keyword": "Cút mẹ"
    },
    {
      "keyword": "d.ái"
    },
    {
      "keyword": "dái"
    },
    {
      "keyword": "dau buoi"
    },
    {
      "keyword": "dcm"
    },
    {
      "keyword": "dịt"
    },
    {
      "keyword": "dit cu"
    },
    {
      "keyword": "dit cu."
    },
    {
      "keyword": "Dit Me"
    },
    {
      "keyword": "dit. cu"
    },
    {
      "keyword": "djt me"
    },
    {
      "keyword": "đĩ"
    },
    {
      "keyword": "dj~"
    },
    {
      "keyword": "dkm"
    },
    {
      "keyword": "Dkm"
    },
    {
      "keyword": "DM"
    },
    {
      "keyword": "Dộg CỨT"
    },
    {
      "keyword": "dương vật"
    },
    {
      "keyword": "Dýt"
    },
    {
      "keyword": "dyt"
    },
    {
      "keyword": "f uck"
    },
    {
      "keyword": "fuck"
    },
    {
      "keyword": "Fuck"
    },
    {
      "keyword": "fvck"
    },
    {
      "keyword": "Fap"
    },
    {
      "keyword": "hấ.p d.iêm"
    },
    {
      "keyword": "Hấp Diêm"
    },
    {
      "keyword": "Hiếp"
    },
    {
      "keyword": "Hiếp Dâm"
    },
    {
      "keyword": "hột le"
    },
    {
      "keyword": "ỉa"
    },
    {
      "keyword": "ỉA"
    },
    {
      "keyword": "k.ứ.t"
    },
    {
      "keyword": "k.ứt"
    },
    {
      "keyword": "kăc"
    },
    {
      "keyword": "kave"
    },
    {
      "keyword": "kẹc"
    },
    {
      "keyword": "kec"
    },
    {
      "keyword": "khốn nạn"
    },
    {
      "keyword": "Kon kac"
    },
    {
      "keyword": "Kon kặk"
    },
    {
      "keyword": "Kon.ckó"
    },
    {
      "keyword": "kU"
    },
    {
      "keyword": "kuc"
    },
    {
      "keyword": "kức"
    },
    {
      "keyword": "kưc"
    },
    {
      "keyword": "kứt"
    },
    {
      "keyword": "l ồ n"
    },
    {
      "keyword": "L ồ n"
    },
    {
      "keyword": "L ồn"
    },
    {
      "keyword": "L ồn.lộn"
    },
    {
      "keyword": "l.o.n"
    },
    {
      "keyword": "l.ô.n"
    },
    {
      "keyword": "l.ồ.n"
    },
    {
      "keyword": "L.O.Z"
    },
    {
      "keyword": "L.Ồ.Z"
    },
    {
      "keyword": "l.on"
    },
    {
      "keyword": "l.ồn"
    },
    {
      "keyword": "L.ỒN"
    },
    {
      "keyword": "l.oz"
    },
    {
      "keyword": "L.OZ"
    },
    {
      "keyword": "l0n"
    },
    {
      "keyword": "lẳg lơ"
    },
    {
      "keyword": "liếm"
    },
    {
      "keyword": "liem lon"
    },
    {
      "keyword": "lìn"
    },
    {
      "keyword": "Lỗ lồ.n"
    },
    {
      "keyword": "lỗ lồn"
    },
    {
      "keyword": "lồ n"
    },
    {
      "keyword": "LỒ n"
    },
    {
      "keyword": "lò tôn"
    },
    {
      "keyword": "lo.n"
    },
    {
      "keyword": "lồ.n"
    },
    {
      "keyword": "lô.n"
    },
    {
      "keyword": "Lồn"
    },
    {
      "keyword": "lồn"
    },
    {
      "keyword": "lôn"
    },
    {
      "keyword": "lỒn"
    },
    {
      "keyword": "LỒN"
    },
    {
      "keyword": "lòn"
    },
    {
      "keyword": "lon"
    },
    {
      "keyword": "Lon"
    },
    {
      "keyword": "lồn ."
    },
    {
      "keyword": "lòn me"
    },
    {
      "keyword": "lon me"
    },
    {
      "keyword": "lox"
    },
    {
      "keyword": "loz"
    },
    {
      "keyword": "lôz"
    },
    {
      "keyword": "lồn"
    },
    {
      "keyword": "lồn chảy nước dâm thủy"
    },
    {
      "keyword": "lũ ch.ó"
    },
    {
      "keyword": "mat lon"
    },
    {
      "keyword": "Mặt Lồn"
    },
    {
      "keyword": "mat trinh"
    },
    {
      "keyword": "Máu Lồn"
    },
    {
      "keyword": "mau lon"
    },
    {
      "keyword": "mấu lờn"
    },
    {
      "keyword": "Mẹ Con Chó"
    },
    {
      "keyword": "Mẹ Kiếp"
    },
    {
      "keyword": "me kiep"
    },
    {
      "keyword": "mẹ kiếp"
    },
    {
      "keyword": "Mẹ Mày"
    },
    {
      "keyword": "mẹ mày"
    },
    {
      "keyword": "mịa"
    },
    {
      "keyword": "Mịa"
    },
    {
      "keyword": "MỊA"
    },
    {
      "keyword": "Mịe"
    },
    {
      "keyword": "mịe"
    },
    {
      "keyword": "mie"
    },
    {
      "keyword": "Mọe"
    },
    {
      "keyword": "MÚT L.Ồ.N"
    },
    {
      "keyword": "ngua l0n"
    },
    {
      "keyword": "ngưa.l ồn"
    },
    {
      "keyword": "nhồn"
    },
    {
      "keyword": "nhồn"
    },
    {
      "keyword": "nhu lon"
    },
    {
      "keyword": "nờ ứg"
    },
    {
      "keyword": "nồn"
    },
    {
      "keyword": "nứg"
    },
    {
      "keyword": "NỨG"
    },
    {
      "keyword": "NỨG L.ỒN"
    },
    {
      "keyword": "Nứng"
    },
    {
      "keyword": "nứng"
    },
    {
      "keyword": "nỨng"
    },
    {
      "keyword": "óc ch ó"
    },
    {
      "keyword": "óc ngắn"
    },
    {
      "keyword": "Phò"
    },
    {
      "keyword": "Poon.lon"
    },
    {
      "keyword": "Sex."
    },
    {
      "keyword": "shit"
    },
    {
      "keyword": "sủa"
    },
    {
      "keyword": "sục cặc"
    },
    {
      "keyword": "Súc Vậ"
    },
    {
      "keyword": "Súc Vật"
    },
    {
      "keyword": "Thằg chÓ"
    },
    {
      "keyword": "Thằng tộc"
    },
    {
      "keyword": "theg ngu"
    },
    {
      "keyword": "thổi kèn"
    },
    {
      "keyword": "thủ dâm"
    },
    {
      "keyword": "tÓ"
    },
    {
      "keyword": "tó"
    },
    {
      "keyword": "V.ế.u"
    },
    {
      "keyword": "v.ếu"
    },
    {
      "keyword": "vãi"
    },
    {
      "keyword": "vai dai"
    },
    {
      "keyword": "Vãi lờ"
    },
    {
      "keyword": "Vãi lồ n"
    },
    {
      "keyword": "Vãi lồ.n"
    },
    {
      "keyword": "Vãi lốn"
    },
    {
      "keyword": "Vãi Lón"
    },
    {
      "keyword": "Vãi Lốn"
    },
    {
      "keyword": "Vãi lón"
    },
    {
      "keyword": "vai lon"
    },
    {
      "keyword": "vaj lon"
    },
    {
      "keyword": "vấu"
    },
    {
      "keyword": "Vcl"
    },
    {
      "keyword": "vếu"
    },
    {
      "keyword": "vkl"
    },
    {
      "keyword": "vl"
    },
    {
      "keyword": "vlon"
    },
    {
      "keyword": "vỡ mõm"
    },
    {
      "keyword": "vồn"
    },
    {
      "keyword": "ZÚ"
    },
    {
      "keyword": "zú"
    },
    {
      "keyword": "đ c m"
    },
    {
      "keyword": "đ é 0"
    },
    {
      "keyword": "đ éo"
    },
    {
      "keyword": "đ ĩ"
    },
    {
      "keyword": "đ nat lon"
    },
    {
      "keyword": "Đ ụ"
    },
    {
      "keyword": "Đ Ỹ"
    },
    {
      "keyword": "đ.ệt"
    },
    {
      "keyword": "đ.ĩ"
    },
    {
      "keyword": "đ.ị.t"
    },
    {
      "keyword": "đ.ịt"
    },
    {
      "keyword": "đ.ít"
    },
    {
      "keyword": "Đ.ị.t"
    },
    {
      "keyword": "đ.m"
    },
    {
      "keyword": "Đ.m"
    },
    {
      "keyword": "đ.ụ"
    },
    {
      "keyword": "Đ.ỹ"
    },
    {
      "keyword": "đái"
    },
    {
      "keyword": "Đầu Buồi"
    },
    {
      "keyword": "đé.0"
    },
    {
      "keyword": "đéo"
    },
    {
      "keyword": "đÉo"
    },
    {
      "keyword": "ĐÉO"
    },
    {
      "keyword": "ĐỆT"
    },
    {
      "keyword": "ĐệT"
    },
    {
      "keyword": "ĐẾU"
    },
    {
      "keyword": "Đĩ"
    },
    {
      "keyword": "đĩ"
    },
    {
      "keyword": "Đỉ"
    },
    {
      "keyword": "ĐỈ"
    },
    {
      "keyword": "đỉ"
    },
    {
      "keyword": "đĨ"
    },
    {
      "keyword": "Đị.t"
    },
    {
      "keyword": "Địc"
    },
    {
      "keyword": "Địck"
    },
    {
      "keyword": "Điếm"
    },
    {
      "keyword": "điếm"
    },
    {
      "keyword": "địk"
    },
    {
      "keyword": "địs"
    },
    {
      "keyword": "đis"
    },
    {
      "keyword": "Đis"
    },
    {
      "keyword": "địt"
    },
    {
      "keyword": "ĐÍT"
    },
    {
      "keyword": "Địt"
    },
    {
      "keyword": "đỊt"
    },
    {
      "keyword": "đít"
    },
    {
      "keyword": "Địt Mẹ"
    },
    {
      "keyword": "đíu"
    },
    {
      "keyword": "đi~"
    },
    {
      "keyword": "Địt"
    },
    {
      "keyword": "đljz"
    },
    {
      "keyword": "ĐM"
    },
    {
      "keyword": "đm"
    },
    {
      "keyword": "Đồn như lời"
    },
    {
      "keyword": "đụ"
    },
    {
      "keyword": "Đụ"
    },
    {
      "keyword": "đỤ"
    },
    {
      "keyword": "ĐỤ"
    },
    {
      "keyword": "Đụ Má"
    },
    {
      "keyword": "đu ma"
    },
    {
      "keyword": "đụ má"
    },
    {
      "keyword": "đù má"
    },
    {
      "keyword": "Đụ Mẹ"
    },
    {
      "keyword": "đù mợ"
    },
    {
      "keyword": "Đụ mợ"
    },
    {
      "keyword": "đuệ mọe"
    },
    {
      "keyword": "đuỵt"
    },
    {
      "keyword": "đuỴt"
    },
    {
      "keyword": "đuỵT"
    },
    {
      "keyword": "đỹ"
    },
    {
      "keyword": "đỵt"
    },
    {
      "keyword": "Đỵt"
    },
    {
      "keyword": "Đýt"
    },
    {
      "keyword": "Đỵt"
    }
  ]
}